Transação,Modelo,Resultado
1,lr,Prejuízo detectado. Enviar para análise.
2,lr,Prejuízo detectado. Enviar para análise.
3,lr,Lucro detectado. Deferir a compra.
4,lr,Lucro detectado. Deferir a compra.
5,lr,Lucro detectado. Deferir a compra.
6,lr,Lucro detectado. Deferir a compra.
7,lr,Prejuízo detectado. Enviar para análise.
8,lr,Prejuízo detectado. Enviar para análise.
9,lr,Prejuízo detectado. Enviar para análise.
10,lr,Prejuízo detectado. Enviar para análise.
11,lr,Prejuízo detectado. Enviar para análise.
12,lr,Lucro detectado. Deferir a compra.
13,lr,Prejuízo detectado. Enviar para análise.
14,lr,Lucro detectado. Deferir a compra.
15,lr,Prejuízo detectado. Enviar para análise.
16,lr,Prejuízo detectado. Enviar para análise.
17,lr,Lucro detectado. Deferir a compra.
18,lr,Lucro detectado. Deferir a compra.
19,lr,Lucro detectado. Deferir a compra.
20,lr,Prejuízo detectado. Enviar para análise.
21,lr,Prejuízo detectado. Enviar para análise.
22,lr,Prejuízo detectado. Enviar para análise.
23,lr,Lucro detectado. Deferir a compra.
24,lr,Prejuízo detectado. Enviar para análise.
25,lr,Prejuízo detectado. Enviar para análise.
26,lr,Lucro detectado. Deferir a compra.
27,lr,Prejuízo detectado. Enviar para análise.
28,lr,Lucro detectado. Deferir a compra.
29,lr,Prejuízo detectado. Enviar para análise.
30,lr,Lucro detectado. Deferir a compra.
31,lr,Lucro detectado. Deferir a compra.
32,lr,Lucro detectado. Deferir a compra.
33,lr,Lucro detectado. Deferir a compra.
34,lr,Lucro detectado. Deferir a compra.
35,lr,Prejuízo detectado. Enviar para análise.
36,lr,Prejuízo detectado. Enviar para análise.
37,lr,Lucro detectado. Deferir a compra.
38,lr,Prejuízo detectado. Enviar para análise.
39,lr,Prejuízo detectado. Enviar para análise.
40,lr,Lucro detectado. Deferir a compra.
41,lr,Lucro detectado. Deferir a compra.
42,lr,Prejuízo detectado. Enviar para análise.
43,lr,Prejuízo detectado. Enviar para análise.
44,lr,Lucro detectado. Deferir a compra.
45,lr,Lucro detectado. Deferir a compra.
46,lr,Prejuízo detectado. Enviar para análise.
47,lr,Lucro detectado. Deferir a compra.
48,lr,Lucro detectado. Deferir a compra.
49,lr,Lucro detectado. Deferir a compra.
50,lr,Prejuízo detectado. Enviar para análise.
51,lr,Lucro detectado. Deferir a compra.
52,lr,Prejuízo detectado. Enviar para análise.
53,lr,Prejuízo detectado. Enviar para análise.
54,lr,Prejuízo detectado. Enviar para análise.
55,lr,Prejuízo detectado. Enviar para análise.
56,lr,Lucro detectado. Deferir a compra.
57,lr,Lucro detectado. Deferir a compra.
58,lr,Lucro detectado. Deferir a compra.
59,lr,Prejuízo detectado. Enviar para análise.
60,lr,Prejuízo detectado. Enviar para análise.
61,lr,Prejuízo detectado. Enviar para análise.
62,lr,Prejuízo detectado. Enviar para análise.
63,lr,Lucro detectado. Deferir a compra.
64,lr,Prejuízo detectado. Enviar para análise.
65,lr,Lucro detectado. Deferir a compra.
66,lr,Lucro detectado. Deferir a compra.
67,lr,Prejuízo detectado. Enviar para análise.
68,lr,Lucro detectado. Deferir a compra.
69,lr,Prejuízo detectado. Enviar para análise.
70,lr,Lucro detectado. Deferir a compra.
71,lr,Lucro detectado. Deferir a compra.
72,lr,Prejuízo detectado. Enviar para análise.
73,lr,Lucro detectado. Deferir a compra.
74,lr,Lucro detectado. Deferir a compra.
75,lr,Prejuízo detectado. Enviar para análise.
76,lr,Prejuízo detectado. Enviar para análise.
77,lr,Lucro detectado. Deferir a compra.
78,lr,Prejuízo detectado. Enviar para análise.
79,lr,Prejuízo detectado. Enviar para análise.
80,lr,Prejuízo detectado. Enviar para análise.
81,lr,Prejuízo detectado. Enviar para análise.
82,lr,Prejuízo detectado. Enviar para análise.
83,lr,Prejuízo detectado. Enviar para análise.
84,lr,Prejuízo detectado. Enviar para análise.
85,lr,Lucro detectado. Deferir a compra.
86,lr,Prejuízo detectado. Enviar para análise.
87,lr,Lucro detectado. Deferir a compra.
88,lr,Prejuízo detectado. Enviar para análise.
89,lr,Prejuízo detectado. Enviar para análise.
90,lr,Lucro detectado. Deferir a compra.
91,lr,Lucro detectado. Deferir a compra.
92,lr,Prejuízo detectado. Enviar para análise.
93,lr,Prejuízo detectado. Enviar para análise.
94,lr,Lucro detectado. Deferir a compra.
95,lr,Prejuízo detectado. Enviar para análise.
96,lr,Prejuízo detectado. Enviar para análise.
97,lr,Prejuízo detectado. Enviar para análise.
98,lr,Prejuízo detectado. Enviar para análise.
99,lr,Prejuízo detectado. Enviar para análise.
100,lr,Prejuízo detectado. Enviar para análise.
101,lr,Prejuízo detectado. Enviar para análise.
102,lr,Prejuízo detectado. Enviar para análise.
103,lr,Lucro detectado. Deferir a compra.
104,lr,Prejuízo detectado. Enviar para análise.
105,lr,Prejuízo detectado. Enviar para análise.
106,lr,Lucro detectado. Deferir a compra.
107,lr,Prejuízo detectado. Enviar para análise.
108,lr,Prejuízo detectado. Enviar para análise.
109,lr,Lucro detectado. Deferir a compra.
110,lr,Prejuízo detectado. Enviar para análise.
111,lr,Lucro detectado. Deferir a compra.
112,lr,Prejuízo detectado. Enviar para análise.
113,lr,Lucro detectado. Deferir a compra.
114,lr,Prejuízo detectado. Enviar para análise.
115,lr,Prejuízo detectado. Enviar para análise.
116,lr,Lucro detectado. Deferir a compra.
117,lr,Prejuízo detectado. Enviar para análise.
118,lr,Prejuízo detectado. Enviar para análise.
119,lr,Lucro detectado. Deferir a compra.
120,lr,Prejuízo detectado. Enviar para análise.
121,lr,Lucro detectado. Deferir a compra.
122,lr,Prejuízo detectado. Enviar para análise.
123,lr,Lucro detectado. Deferir a compra.
124,lr,Lucro detectado. Deferir a compra.
125,lr,Lucro detectado. Deferir a compra.
126,lr,Prejuízo detectado. Enviar para análise.
127,lr,Lucro detectado. Deferir a compra.
128,lr,Prejuízo detectado. Enviar para análise.
129,lr,Prejuízo detectado. Enviar para análise.
130,lr,Lucro detectado. Deferir a compra.
131,lr,Lucro detectado. Deferir a compra.
132,lr,Prejuízo detectado. Enviar para análise.
133,lr,Prejuízo detectado. Enviar para análise.
134,lr,Prejuízo detectado. Enviar para análise.
135,lr,Lucro detectado. Deferir a compra.
136,lr,Lucro detectado. Deferir a compra.
137,lr,Prejuízo detectado. Enviar para análise.
138,lr,Lucro detectado. Deferir a compra.
139,lr,Prejuízo detectado. Enviar para análise.
140,lr,Lucro detectado. Deferir a compra.
141,lr,Lucro detectado. Deferir a compra.
142,lr,Lucro detectado. Deferir a compra.
143,lr,Lucro detectado. Deferir a compra.
144,lr,Prejuízo detectado. Enviar para análise.
145,lr,Prejuízo detectado. Enviar para análise.
146,lr,Prejuízo detectado. Enviar para análise.
147,lr,Lucro detectado. Deferir a compra.
148,lr,Lucro detectado. Deferir a compra.
149,lr,Lucro detectado. Deferir a compra.
150,lr,Lucro detectado. Deferir a compra.
151,lr,Prejuízo detectado. Enviar para análise.
152,lr,Lucro detectado. Deferir a compra.
153,lr,Prejuízo detectado. Enviar para análise.
154,lr,Lucro detectado. Deferir a compra.
155,lr,Prejuízo detectado. Enviar para análise.
156,lr,Lucro detectado. Deferir a compra.
157,lr,Prejuízo detectado. Enviar para análise.
158,lr,Lucro detectado. Deferir a compra.
159,lr,Prejuízo detectado. Enviar para análise.
160,lr,Prejuízo detectado. Enviar para análise.
161,lr,Prejuízo detectado. Enviar para análise.
162,lr,Lucro detectado. Deferir a compra.
163,lr,Lucro detectado. Deferir a compra.
164,lr,Prejuízo detectado. Enviar para análise.
165,lr,Lucro detectado. Deferir a compra.
166,lr,Prejuízo detectado. Enviar para análise.
167,lr,Lucro detectado. Deferir a compra.
168,lr,Prejuízo detectado. Enviar para análise.
169,lr,Lucro detectado. Deferir a compra.
170,lr,Lucro detectado. Deferir a compra.
171,lr,Lucro detectado. Deferir a compra.
172,lr,Prejuízo detectado. Enviar para análise.
173,lr,Prejuízo detectado. Enviar para análise.
174,lr,Prejuízo detectado. Enviar para análise.
175,lr,Lucro detectado. Deferir a compra.
176,lr,Lucro detectado. Deferir a compra.
177,lr,Prejuízo detectado. Enviar para análise.
178,lr,Lucro detectado. Deferir a compra.
179,lr,Lucro detectado. Deferir a compra.
180,lr,Prejuízo detectado. Enviar para análise.
181,lr,Lucro detectado. Deferir a compra.
182,lr,Prejuízo detectado. Enviar para análise.
183,lr,Prejuízo detectado. Enviar para análise.
1,dtc,Prejuízo detectado. Enviar para análise.
2,dtc,Prejuízo detectado. Enviar para análise.
3,dtc,Lucro detectado. Deferir a compra.
4,dtc,Lucro detectado. Deferir a compra.
5,dtc,Prejuízo detectado. Enviar para análise.
6,dtc,Prejuízo detectado. Enviar para análise.
7,dtc,Prejuízo detectado. Enviar para análise.
8,dtc,Prejuízo detectado. Enviar para análise.
9,dtc,Lucro detectado. Deferir a compra.
10,dtc,Prejuízo detectado. Enviar para análise.
11,dtc,Lucro detectado. Deferir a compra.
12,dtc,Prejuízo detectado. Enviar para análise.
13,dtc,Prejuízo detectado. Enviar para análise.
14,dtc,Lucro detectado. Deferir a compra.
15,dtc,Prejuízo detectado. Enviar para análise.
16,dtc,Prejuízo detectado. Enviar para análise.
17,dtc,Lucro detectado. Deferir a compra.
18,dtc,Prejuízo detectado. Enviar para análise.
19,dtc,Lucro detectado. Deferir a compra.
20,dtc,Prejuízo detectado. Enviar para análise.
21,dtc,Prejuízo detectado. Enviar para análise.
22,dtc,Prejuízo detectado. Enviar para análise.
23,dtc,Lucro detectado. Deferir a compra.
24,dtc,Prejuízo detectado. Enviar para análise.
25,dtc,Prejuízo detectado. Enviar para análise.
26,dtc,Lucro detectado. Deferir a compra.
27,dtc,Prejuízo detectado. Enviar para análise.
28,dtc,Lucro detectado. Deferir a compra.
29,dtc,Prejuízo detectado. Enviar para análise.
30,dtc,Lucro detectado. Deferir a compra.
31,dtc,Lucro detectado. Deferir a compra.
32,dtc,Lucro detectado. Deferir a compra.
33,dtc,Lucro detectado. Deferir a compra.
34,dtc,Lucro detectado. Deferir a compra.
35,dtc,Prejuízo detectado. Enviar para análise.
36,dtc,Lucro detectado. Deferir a compra.
37,dtc,Prejuízo detectado. Enviar para análise.
38,dtc,Prejuízo detectado. Enviar para análise.
39,dtc,Lucro detectado. Deferir a compra.
40,dtc,Lucro detectado. Deferir a compra.
41,dtc,Prejuízo detectado. Enviar para análise.
42,dtc,Prejuízo detectado. Enviar para análise.
43,dtc,Prejuízo detectado. Enviar para análise.
44,dtc,Lucro detectado. Deferir a compra.
45,dtc,Lucro detectado. Deferir a compra.
46,dtc,Lucro detectado. Deferir a compra.
47,dtc,Lucro detectado. Deferir a compra.
48,dtc,Lucro detectado. Deferir a compra.
49,dtc,Lucro detectado. Deferir a compra.
50,dtc,Prejuízo detectado. Enviar para análise.
51,dtc,Lucro detectado. Deferir a compra.
52,dtc,Prejuízo detectado. Enviar para análise.
53,dtc,Prejuízo detectado. Enviar para análise.
54,dtc,Prejuízo detectado. Enviar para análise.
55,dtc,Prejuízo detectado. Enviar para análise.
56,dtc,Prejuízo detectado. Enviar para análise.
57,dtc,Lucro detectado. Deferir a compra.
58,dtc,Lucro detectado. Deferir a compra.
59,dtc,Lucro detectado. Deferir a compra.
60,dtc,Lucro detectado. Deferir a compra.
61,dtc,Prejuízo detectado. Enviar para análise.
62,dtc,Prejuízo detectado. Enviar para análise.
63,dtc,Lucro detectado. Deferir a compra.
64,dtc,Prejuízo detectado. Enviar para análise.
65,dtc,Lucro detectado. Deferir a compra.
66,dtc,Lucro detectado. Deferir a compra.
67,dtc,Prejuízo detectado. Enviar para análise.
68,dtc,Lucro detectado. Deferir a compra.
69,dtc,Lucro detectado. Deferir a compra.
70,dtc,Lucro detectado. Deferir a compra.
71,dtc,Prejuízo detectado. Enviar para análise.
72,dtc,Lucro detectado. Deferir a compra.
73,dtc,Prejuízo detectado. Enviar para análise.
74,dtc,Prejuízo detectado. Enviar para análise.
75,dtc,Lucro detectado. Deferir a compra.
76,dtc,Prejuízo detectado. Enviar para análise.
77,dtc,Lucro detectado. Deferir a compra.
78,dtc,Lucro detectado. Deferir a compra.
79,dtc,Prejuízo detectado. Enviar para análise.
80,dtc,Prejuízo detectado. Enviar para análise.
81,dtc,Lucro detectado. Deferir a compra.
82,dtc,Lucro detectado. Deferir a compra.
83,dtc,Prejuízo detectado. Enviar para análise.
84,dtc,Prejuízo detectado. Enviar para análise.
85,dtc,Lucro detectado. Deferir a compra.
86,dtc,Prejuízo detectado. Enviar para análise.
87,dtc,Lucro detectado. Deferir a compra.
88,dtc,Prejuízo detectado. Enviar para análise.
89,dtc,Prejuízo detectado. Enviar para análise.
90,dtc,Prejuízo detectado. Enviar para análise.
91,dtc,Prejuízo detectado. Enviar para análise.
92,dtc,Lucro detectado. Deferir a compra.
93,dtc,Prejuízo detectado. Enviar para análise.
94,dtc,Prejuízo detectado. Enviar para análise.
95,dtc,Prejuízo detectado. Enviar para análise.
96,dtc,Prejuízo detectado. Enviar para análise.
97,dtc,Prejuízo detectado. Enviar para análise.
98,dtc,Prejuízo detectado. Enviar para análise.
99,dtc,Lucro detectado. Deferir a compra.
100,dtc,Lucro detectado. Deferir a compra.
101,dtc,Prejuízo detectado. Enviar para análise.
102,dtc,Prejuízo detectado. Enviar para análise.
103,dtc,Lucro detectado. Deferir a compra.
104,dtc,Lucro detectado. Deferir a compra.
105,dtc,Prejuízo detectado. Enviar para análise.
106,dtc,Prejuízo detectado. Enviar para análise.
107,dtc,Prejuízo detectado. Enviar para análise.
108,dtc,Lucro detectado. Deferir a compra.
109,dtc,Prejuízo detectado. Enviar para análise.
110,dtc,Lucro detectado. Deferir a compra.
111,dtc,Prejuízo detectado. Enviar para análise.
112,dtc,Prejuízo detectado. Enviar para análise.
113,dtc,Lucro detectado. Deferir a compra.
114,dtc,Lucro detectado. Deferir a compra.
115,dtc,Lucro detectado. Deferir a compra.
116,dtc,Lucro detectado. Deferir a compra.
117,dtc,Lucro detectado. Deferir a compra.
118,dtc,Prejuízo detectado. Enviar para análise.
119,dtc,Lucro detectado. Deferir a compra.
120,dtc,Lucro detectado. Deferir a compra.
121,dtc,Lucro detectado. Deferir a compra.
122,dtc,Prejuízo detectado. Enviar para análise.
123,dtc,Lucro detectado. Deferir a compra.
124,dtc,Lucro detectado. Deferir a compra.
125,dtc,Lucro detectado. Deferir a compra.
126,dtc,Prejuízo detectado. Enviar para análise.
127,dtc,Lucro detectado. Deferir a compra.
128,dtc,Lucro detectado. Deferir a compra.
129,dtc,Lucro detectado. Deferir a compra.
130,dtc,Prejuízo detectado. Enviar para análise.
131,dtc,Lucro detectado. Deferir a compra.
132,dtc,Lucro detectado. Deferir a compra.
133,dtc,Lucro detectado. Deferir a compra.
134,dtc,Lucro detectado. Deferir a compra.
135,dtc,Lucro detectado. Deferir a compra.
136,dtc,Lucro detectado. Deferir a compra.
137,dtc,Lucro detectado. Deferir a compra.
138,dtc,Prejuízo detectado. Enviar para análise.
139,dtc,Prejuízo detectado. Enviar para análise.
140,dtc,Prejuízo detectado. Enviar para análise.
141,dtc,Prejuízo detectado. Enviar para análise.
142,dtc,Lucro detectado. Deferir a compra.
143,dtc,Lucro detectado. Deferir a compra.
144,dtc,Prejuízo detectado. Enviar para análise.
145,dtc,Lucro detectado. Deferir a compra.
146,dtc,Prejuízo detectado. Enviar para análise.
147,dtc,Prejuízo detectado. Enviar para análise.
148,dtc,Lucro detectado. Deferir a compra.
149,dtc,Lucro detectado. Deferir a compra.
150,dtc,Prejuízo detectado. Enviar para análise.
151,dtc,Prejuízo detectado. Enviar para análise.
152,dtc,Lucro detectado. Deferir a compra.
153,dtc,Prejuízo detectado. Enviar para análise.
154,dtc,Prejuízo detectado. Enviar para análise.
155,dtc,Prejuízo detectado. Enviar para análise.
156,dtc,Prejuízo detectado. Enviar para análise.
157,dtc,Lucro detectado. Deferir a compra.
158,dtc,Lucro detectado. Deferir a compra.
159,dtc,Prejuízo detectado. Enviar para análise.
160,dtc,Lucro detectado. Deferir a compra.
161,dtc,Lucro detectado. Deferir a compra.
162,dtc,Lucro detectado. Deferir a compra.
163,dtc,Lucro detectado. Deferir a compra.
164,dtc,Lucro detectado. Deferir a compra.
165,dtc,Lucro detectado. Deferir a compra.
166,dtc,Prejuízo detectado. Enviar para análise.
167,dtc,Lucro detectado. Deferir a compra.
168,dtc,Prejuízo detectado. Enviar para análise.
169,dtc,Lucro detectado. Deferir a compra.
170,dtc,Prejuízo detectado. Enviar para análise.
171,dtc,Prejuízo detectado. Enviar para análise.
172,dtc,Lucro detectado. Deferir a compra.
173,dtc,Prejuízo detectado. Enviar para análise.
174,dtc,Prejuízo detectado. Enviar para análise.
175,dtc,Lucro detectado. Deferir a compra.
176,dtc,Lucro detectado. Deferir a compra.
177,dtc,Lucro detectado. Deferir a compra.
178,dtc,Lucro detectado. Deferir a compra.
179,dtc,Lucro detectado. Deferir a compra.
180,dtc,Prejuízo detectado. Enviar para análise.
181,dtc,Lucro detectado. Deferir a compra.
182,dtc,Prejuízo detectado. Enviar para análise.
183,dtc,Prejuízo detectado. Enviar para análise.
1,knn,Lucro detectado. Deferir a compra.
2,knn,Lucro detectado. Deferir a compra.
3,knn,Lucro detectado. Deferir a compra.
4,knn,Lucro detectado. Deferir a compra.
5,knn,Lucro detectado. Deferir a compra.
6,knn,Lucro detectado. Deferir a compra.
7,knn,Prejuízo detectado. Enviar para análise.
8,knn,Lucro detectado. Deferir a compra.
9,knn,Prejuízo detectado. Enviar para análise.
10,knn,Prejuízo detectado. Enviar para análise.
11,knn,Lucro detectado. Deferir a compra.
12,knn,Lucro detectado. Deferir a compra.
13,knn,Prejuízo detectado. Enviar para análise.
14,knn,Lucro detectado. Deferir a compra.
15,knn,Lucro detectado. Deferir a compra.
16,knn,Lucro detectado. Deferir a compra.
17,knn,Lucro detectado. Deferir a compra.
18,knn,Lucro detectado. Deferir a compra.
19,knn,Lucro detectado. Deferir a compra.
20,knn,Lucro detectado. Deferir a compra.
21,knn,Prejuízo detectado. Enviar para análise.
22,knn,Prejuízo detectado. Enviar para análise.
23,knn,Prejuízo detectado. Enviar para análise.
24,knn,Prejuízo detectado. Enviar para análise.
25,knn,Lucro detectado. Deferir a compra.
26,knn,Lucro detectado. Deferir a compra.
27,knn,Prejuízo detectado. Enviar para análise.
28,knn,Lucro detectado. Deferir a compra.
29,knn,Prejuízo detectado. Enviar para análise.
30,knn,Lucro detectado. Deferir a compra.
31,knn,Lucro detectado. Deferir a compra.
32,knn,Prejuízo detectado. Enviar para análise.
33,knn,Lucro detectado. Deferir a compra.
34,knn,Lucro detectado. Deferir a compra.
35,knn,Prejuízo detectado. Enviar para análise.
36,knn,Prejuízo detectado. Enviar para análise.
37,knn,Lucro detectado. Deferir a compra.
38,knn,Prejuízo detectado. Enviar para análise.
39,knn,Lucro detectado. Deferir a compra.
40,knn,Lucro detectado. Deferir a compra.
41,knn,Lucro detectado. Deferir a compra.
42,knn,Prejuízo detectado. Enviar para análise.
43,knn,Prejuízo detectado. Enviar para análise.
44,knn,Lucro detectado. Deferir a compra.
45,knn,Prejuízo detectado. Enviar para análise.
46,knn,Prejuízo detectado. Enviar para análise.
47,knn,Lucro detectado. Deferir a compra.
48,knn,Lucro detectado. Deferir a compra.
49,knn,Lucro detectado. Deferir a compra.
50,knn,Prejuízo detectado. Enviar para análise.
51,knn,Lucro detectado. Deferir a compra.
52,knn,Lucro detectado. Deferir a compra.
53,knn,Prejuízo detectado. Enviar para análise.
54,knn,Prejuízo detectado. Enviar para análise.
55,knn,Prejuízo detectado. Enviar para análise.
56,knn,Lucro detectado. Deferir a compra.
57,knn,Lucro detectado. Deferir a compra.
58,knn,Lucro detectado. Deferir a compra.
59,knn,Prejuízo detectado. Enviar para análise.
60,knn,Prejuízo detectado. Enviar para análise.
61,knn,Prejuízo detectado. Enviar para análise.
62,knn,Prejuízo detectado. Enviar para análise.
63,knn,Lucro detectado. Deferir a compra.
64,knn,Prejuízo detectado. Enviar para análise.
65,knn,Lucro detectado. Deferir a compra.
66,knn,Lucro detectado. Deferir a compra.
67,knn,Lucro detectado. Deferir a compra.
68,knn,Lucro detectado. Deferir a compra.
69,knn,Lucro detectado. Deferir a compra.
70,knn,Lucro detectado. Deferir a compra.
71,knn,Lucro detectado. Deferir a compra.
72,knn,Prejuízo detectado. Enviar para análise.
73,knn,Lucro detectado. Deferir a compra.
74,knn,Lucro detectado. Deferir a compra.
75,knn,Prejuízo detectado. Enviar para análise.
76,knn,Prejuízo detectado. Enviar para análise.
77,knn,Lucro detectado. Deferir a compra.
78,knn,Prejuízo detectado. Enviar para análise.
79,knn,Lucro detectado. Deferir a compra.
80,knn,Prejuízo detectado. Enviar para análise.
81,knn,Prejuízo detectado. Enviar para análise.
82,knn,Prejuízo detectado. Enviar para análise.
83,knn,Lucro detectado. Deferir a compra.
84,knn,Lucro detectado. Deferir a compra.
85,knn,Lucro detectado. Deferir a compra.
86,knn,Prejuízo detectado. Enviar para análise.
87,knn,Lucro detectado. Deferir a compra.
88,knn,Prejuízo detectado. Enviar para análise.
89,knn,Lucro detectado. Deferir a compra.
90,knn,Lucro detectado. Deferir a compra.
91,knn,Prejuízo detectado. Enviar para análise.
92,knn,Lucro detectado. Deferir a compra.
93,knn,Prejuízo detectado. Enviar para análise.
94,knn,Prejuízo detectado. Enviar para análise.
95,knn,Prejuízo detectado. Enviar para análise.
96,knn,Lucro detectado. Deferir a compra.
97,knn,Prejuízo detectado. Enviar para análise.
98,knn,Lucro detectado. Deferir a compra.
99,knn,Prejuízo detectado. Enviar para análise.
100,knn,Lucro detectado. Deferir a compra.
101,knn,Prejuízo detectado. Enviar para análise.
102,knn,Prejuízo detectado. Enviar para análise.
103,knn,Lucro detectado. Deferir a compra.
104,knn,Lucro detectado. Deferir a compra.
105,knn,Lucro detectado. Deferir a compra.
106,knn,Lucro detectado. Deferir a compra.
107,knn,Lucro detectado. Deferir a compra.
108,knn,Prejuízo detectado. Enviar para análise.
109,knn,Lucro detectado. Deferir a compra.
110,knn,Prejuízo detectado. Enviar para análise.
111,knn,Lucro detectado. Deferir a compra.
112,knn,Prejuízo detectado. Enviar para análise.
113,knn,Lucro detectado. Deferir a compra.
114,knn,Lucro detectado. Deferir a compra.
115,knn,Prejuízo detectado. Enviar para análise.
116,knn,Lucro detectado. Deferir a compra.
117,knn,Lucro detectado. Deferir a compra.
118,knn,Prejuízo detectado. Enviar para análise.
119,knn,Lucro detectado. Deferir a compra.
120,knn,Lucro detectado. Deferir a compra.
121,knn,Lucro detectado. Deferir a compra.
122,knn,Prejuízo detectado. Enviar para análise.
123,knn,Lucro detectado. Deferir a compra.
124,knn,Prejuízo detectado. Enviar para análise.
125,knn,Lucro detectado. Deferir a compra.
126,knn,Prejuízo detectado. Enviar para análise.
127,knn,Lucro detectado. Deferir a compra.
128,knn,Prejuízo detectado. Enviar para análise.
129,knn,Prejuízo detectado. Enviar para análise.
130,knn,Lucro detectado. Deferir a compra.
131,knn,Lucro detectado. Deferir a compra.
132,knn,Prejuízo detectado. Enviar para análise.
133,knn,Lucro detectado. Deferir a compra.
134,knn,Lucro detectado. Deferir a compra.
135,knn,Lucro detectado. Deferir a compra.
136,knn,Lucro detectado. Deferir a compra.
137,knn,Lucro detectado. Deferir a compra.
138,knn,Lucro detectado. Deferir a compra.
139,knn,Prejuízo detectado. Enviar para análise.
140,knn,Lucro detectado. Deferir a compra.
141,knn,Lucro detectado. Deferir a compra.
142,knn,Lucro detectado. Deferir a compra.
143,knn,Lucro detectado. Deferir a compra.
144,knn,Prejuízo detectado. Enviar para análise.
145,knn,Lucro detectado. Deferir a compra.
146,knn,Prejuízo detectado. Enviar para análise.
147,knn,Lucro detectado. Deferir a compra.
148,knn,Lucro detectado. Deferir a compra.
149,knn,Prejuízo detectado. Enviar para análise.
150,knn,Lucro detectado. Deferir a compra.
151,knn,Lucro detectado. Deferir a compra.
152,knn,Prejuízo detectado. Enviar para análise.
153,knn,Lucro detectado. Deferir a compra.
154,knn,Lucro detectado. Deferir a compra.
155,knn,Prejuízo detectado. Enviar para análise.
156,knn,Lucro detectado. Deferir a compra.
157,knn,Lucro detectado. Deferir a compra.
158,knn,Lucro detectado. Deferir a compra.
159,knn,Lucro detectado. Deferir a compra.
160,knn,Lucro detectado. Deferir a compra.
161,knn,Prejuízo detectado. Enviar para análise.
162,knn,Lucro detectado. Deferir a compra.
163,knn,Lucro detectado. Deferir a compra.
164,knn,Prejuízo detectado. Enviar para análise.
165,knn,Lucro detectado. Deferir a compra.
166,knn,Prejuízo detectado. Enviar para análise.
167,knn,Lucro detectado. Deferir a compra.
168,knn,Prejuízo detectado. Enviar para análise.
169,knn,Lucro detectado. Deferir a compra.
170,knn,Lucro detectado. Deferir a compra.
171,knn,Lucro detectado. Deferir a compra.
172,knn,Lucro detectado. Deferir a compra.
173,knn,Prejuízo detectado. Enviar para análise.
174,knn,Prejuízo detectado. Enviar para análise.
175,knn,Lucro detectado. Deferir a compra.
176,knn,Lucro detectado. Deferir a compra.
177,knn,Prejuízo detectado. Enviar para análise.
178,knn,Lucro detectado. Deferir a compra.
179,knn,Lucro detectado. Deferir a compra.
180,knn,Lucro detectado. Deferir a compra.
181,knn,Lucro detectado. Deferir a compra.
182,knn,Prejuízo detectado. Enviar para análise.
183,knn,Prejuízo detectado. Enviar para análise.
1,rf,Prejuízo detectado. Enviar para análise.
2,rf,Prejuízo detectado. Enviar para análise.
3,rf,Lucro detectado. Deferir a compra.
4,rf,Lucro detectado. Deferir a compra.
5,rf,Prejuízo detectado. Enviar para análise.
6,rf,Prejuízo detectado. Enviar para análise.
7,rf,Prejuízo detectado. Enviar para análise.
8,rf,Lucro detectado. Deferir a compra.
9,rf,Prejuízo detectado. Enviar para análise.
10,rf,Prejuízo detectado. Enviar para análise.
11,rf,Lucro detectado. Deferir a compra.
12,rf,Lucro detectado. Deferir a compra.
13,rf,Prejuízo detectado. Enviar para análise.
14,rf,Lucro detectado. Deferir a compra.
15,rf,Prejuízo detectado. Enviar para análise.
16,rf,Prejuízo detectado. Enviar para análise.
17,rf,Lucro detectado. Deferir a compra.
18,rf,Prejuízo detectado. Enviar para análise.
19,rf,Lucro detectado. Deferir a compra.
20,rf,Prejuízo detectado. Enviar para análise.
21,rf,Prejuízo detectado. Enviar para análise.
22,rf,Lucro detectado. Deferir a compra.
23,rf,Lucro detectado. Deferir a compra.
24,rf,Lucro detectado. Deferir a compra.
25,rf,Prejuízo detectado. Enviar para análise.
26,rf,Lucro detectado. Deferir a compra.
27,rf,Prejuízo detectado. Enviar para análise.
28,rf,Lucro detectado. Deferir a compra.
29,rf,Prejuízo detectado. Enviar para análise.
30,rf,Lucro detectado. Deferir a compra.
31,rf,Lucro detectado. Deferir a compra.
32,rf,Lucro detectado. Deferir a compra.
33,rf,Lucro detectado. Deferir a compra.
34,rf,Lucro detectado. Deferir a compra.
35,rf,Prejuízo detectado. Enviar para análise.
36,rf,Lucro detectado. Deferir a compra.
37,rf,Prejuízo detectado. Enviar para análise.
38,rf,Prejuízo detectado. Enviar para análise.
39,rf,Lucro detectado. Deferir a compra.
40,rf,Lucro detectado. Deferir a compra.
41,rf,Prejuízo detectado. Enviar para análise.
42,rf,Prejuízo detectado. Enviar para análise.
43,rf,Prejuízo detectado. Enviar para análise.
44,rf,Lucro detectado. Deferir a compra.
45,rf,Lucro detectado. Deferir a compra.
46,rf,Lucro detectado. Deferir a compra.
47,rf,Lucro detectado. Deferir a compra.
48,rf,Lucro detectado. Deferir a compra.
49,rf,Lucro detectado. Deferir a compra.
50,rf,Prejuízo detectado. Enviar para análise.
51,rf,Lucro detectado. Deferir a compra.
52,rf,Prejuízo detectado. Enviar para análise.
53,rf,Prejuízo detectado. Enviar para análise.
54,rf,Prejuízo detectado. Enviar para análise.
55,rf,Prejuízo detectado. Enviar para análise.
56,rf,Prejuízo detectado. Enviar para análise.
57,rf,Lucro detectado. Deferir a compra.
58,rf,Lucro detectado. Deferir a compra.
59,rf,Lucro detectado. Deferir a compra.
60,rf,Lucro detectado. Deferir a compra.
61,rf,Prejuízo detectado. Enviar para análise.
62,rf,Prejuízo detectado. Enviar para análise.
63,rf,Lucro detectado. Deferir a compra.
64,rf,Prejuízo detectado. Enviar para análise.
65,rf,Prejuízo detectado. Enviar para análise.
66,rf,Lucro detectado. Deferir a compra.
67,rf,Prejuízo detectado. Enviar para análise.
68,rf,Lucro detectado. Deferir a compra.
69,rf,Lucro detectado. Deferir a compra.
70,rf,Lucro detectado. Deferir a compra.
71,rf,Prejuízo detectado. Enviar para análise.
72,rf,Lucro detectado. Deferir a compra.
73,rf,Prejuízo detectado. Enviar para análise.
74,rf,Prejuízo detectado. Enviar para análise.
75,rf,Prejuízo detectado. Enviar para análise.
76,rf,Prejuízo detectado. Enviar para análise.
77,rf,Lucro detectado. Deferir a compra.
78,rf,Prejuízo detectado. Enviar para análise.
79,rf,Prejuízo detectado. Enviar para análise.
80,rf,Prejuízo detectado. Enviar para análise.
81,rf,Prejuízo detectado. Enviar para análise.
82,rf,Lucro detectado. Deferir a compra.
83,rf,Prejuízo detectado. Enviar para análise.
84,rf,Lucro detectado. Deferir a compra.
85,rf,Lucro detectado. Deferir a compra.
86,rf,Prejuízo detectado. Enviar para análise.
87,rf,Lucro detectado. Deferir a compra.
88,rf,Prejuízo detectado. Enviar para análise.
89,rf,Prejuízo detectado. Enviar para análise.
90,rf,Prejuízo detectado. Enviar para análise.
91,rf,Prejuízo detectado. Enviar para análise.
92,rf,Lucro detectado. Deferir a compra.
93,rf,Prejuízo detectado. Enviar para análise.
94,rf,Lucro detectado. Deferir a compra.
95,rf,Prejuízo detectado. Enviar para análise.
96,rf,Prejuízo detectado. Enviar para análise.
97,rf,Prejuízo detectado. Enviar para análise.
98,rf,Prejuízo detectado. Enviar para análise.
99,rf,Lucro detectado. Deferir a compra.
100,rf,Lucro detectado. Deferir a compra.
101,rf,Prejuízo detectado. Enviar para análise.
102,rf,Prejuízo detectado. Enviar para análise.
103,rf,Lucro detectado. Deferir a compra.
104,rf,Lucro detectado. Deferir a compra.
105,rf,Prejuízo detectado. Enviar para análise.
106,rf,Prejuízo detectado. Enviar para análise.
107,rf,Prejuízo detectado. Enviar para análise.
108,rf,Prejuízo detectado. Enviar para análise.
109,rf,Prejuízo detectado. Enviar para análise.
110,rf,Lucro detectado. Deferir a compra.
111,rf,Prejuízo detectado. Enviar para análise.
112,rf,Prejuízo detectado. Enviar para análise.
113,rf,Lucro detectado. Deferir a compra.
114,rf,Lucro detectado. Deferir a compra.
115,rf,Lucro detectado. Deferir a compra.
116,rf,Lucro detectado. Deferir a compra.
117,rf,Lucro detectado. Deferir a compra.
118,rf,Prejuízo detectado. Enviar para análise.
119,rf,Lucro detectado. Deferir a compra.
120,rf,Lucro detectado. Deferir a compra.
121,rf,Lucro detectado. Deferir a compra.
122,rf,Prejuízo detectado. Enviar para análise.
123,rf,Lucro detectado. Deferir a compra.
124,rf,Lucro detectado. Deferir a compra.
125,rf,Lucro detectado. Deferir a compra.
126,rf,Prejuízo detectado. Enviar para análise.
127,rf,Lucro detectado. Deferir a compra.
128,rf,Prejuízo detectado. Enviar para análise.
129,rf,Prejuízo detectado. Enviar para análise.
130,rf,Prejuízo detectado. Enviar para análise.
131,rf,Lucro detectado. Deferir a compra.
132,rf,Lucro detectado. Deferir a compra.
133,rf,Lucro detectado. Deferir a compra.
134,rf,Lucro detectado. Deferir a compra.
135,rf,Lucro detectado. Deferir a compra.
136,rf,Lucro detectado. Deferir a compra.
137,rf,Prejuízo detectado. Enviar para análise.
138,rf,Lucro detectado. Deferir a compra.
139,rf,Prejuízo detectado. Enviar para análise.
140,rf,Prejuízo detectado. Enviar para análise.
141,rf,Prejuízo detectado. Enviar para análise.
142,rf,Lucro detectado. Deferir a compra.
143,rf,Lucro detectado. Deferir a compra.
144,rf,Prejuízo detectado. Enviar para análise.
145,rf,Lucro detectado. Deferir a compra.
146,rf,Prejuízo detectado. Enviar para análise.
147,rf,Prejuízo detectado. Enviar para análise.
148,rf,Lucro detectado. Deferir a compra.
149,rf,Lucro detectado. Deferir a compra.
150,rf,Prejuízo detectado. Enviar para análise.
151,rf,Prejuízo detectado. Enviar para análise.
152,rf,Lucro detectado. Deferir a compra.
153,rf,Prejuízo detectado. Enviar para análise.
154,rf,Prejuízo detectado. Enviar para análise.
155,rf,Prejuízo detectado. Enviar para análise.
156,rf,Prejuízo detectado. Enviar para análise.
157,rf,Lucro detectado. Deferir a compra.
158,rf,Lucro detectado. Deferir a compra.
159,rf,Prejuízo detectado. Enviar para análise.
160,rf,Prejuízo detectado. Enviar para análise.
161,rf,Lucro detectado. Deferir a compra.
162,rf,Lucro detectado. Deferir a compra.
163,rf,Lucro detectado. Deferir a compra.
164,rf,Lucro detectado. Deferir a compra.
165,rf,Lucro detectado. Deferir a compra.
166,rf,Prejuízo detectado. Enviar para análise.
167,rf,Lucro detectado. Deferir a compra.
168,rf,Prejuízo detectado. Enviar para análise.
169,rf,Lucro detectado. Deferir a compra.
170,rf,Prejuízo detectado. Enviar para análise.
171,rf,Prejuízo detectado. Enviar para análise.
172,rf,Prejuízo detectado. Enviar para análise.
173,rf,Prejuízo detectado. Enviar para análise.
174,rf,Prejuízo detectado. Enviar para análise.
175,rf,Lucro detectado. Deferir a compra.
176,rf,Lucro detectado. Deferir a compra.
177,rf,Lucro detectado. Deferir a compra.
178,rf,Lucro detectado. Deferir a compra.
179,rf,Lucro detectado. Deferir a compra.
180,rf,Prejuízo detectado. Enviar para análise.
181,rf,Lucro detectado. Deferir a compra.
182,rf,Prejuízo detectado. Enviar para análise.
183,rf,Prejuízo detectado. Enviar para análise.
1,xgb,Prejuízo detectado. Enviar para análise.
2,xgb,Prejuízo detectado. Enviar para análise.
3,xgb,Lucro detectado. Deferir a compra.
4,xgb,Lucro detectado. Deferir a compra.
5,xgb,Prejuízo detectado. Enviar para análise.
6,xgb,Prejuízo detectado. Enviar para análise.
7,xgb,Prejuízo detectado. Enviar para análise.
8,xgb,Prejuízo detectado. Enviar para análise.
9,xgb,Lucro detectado. Deferir a compra.
10,xgb,Prejuízo detectado. Enviar para análise.
11,xgb,Lucro detectado. Deferir a compra.
12,xgb,Lucro detectado. Deferir a compra.
13,xgb,Lucro detectado. Deferir a compra.
14,xgb,Lucro detectado. Deferir a compra.
15,xgb,Prejuízo detectado. Enviar para análise.
16,xgb,Prejuízo detectado. Enviar para análise.
17,xgb,Lucro detectado. Deferir a compra.
18,xgb,Prejuízo detectado. Enviar para análise.
19,xgb,Lucro detectado. Deferir a compra.
20,xgb,Prejuízo detectado. Enviar para análise.
21,xgb,Prejuízo detectado. Enviar para análise.
22,xgb,Prejuízo detectado. Enviar para análise.
23,xgb,Lucro detectado. Deferir a compra.
24,xgb,Lucro detectado. Deferir a compra.
25,xgb,Lucro detectado. Deferir a compra.
26,xgb,Lucro detectado. Deferir a compra.
27,xgb,Prejuízo detectado. Enviar para análise.
28,xgb,Lucro detectado. Deferir a compra.
29,xgb,Prejuízo detectado. Enviar para análise.
30,xgb,Lucro detectado. Deferir a compra.
31,xgb,Lucro detectado. Deferir a compra.
32,xgb,Lucro detectado. Deferir a compra.
33,xgb,Lucro detectado. Deferir a compra.
34,xgb,Lucro detectado. Deferir a compra.
35,xgb,Prejuízo detectado. Enviar para análise.
36,xgb,Lucro detectado. Deferir a compra.
37,xgb,Prejuízo detectado. Enviar para análise.
38,xgb,Prejuízo detectado. Enviar para análise.
39,xgb,Prejuízo detectado. Enviar para análise.
40,xgb,Lucro detectado. Deferir a compra.
41,xgb,Prejuízo detectado. Enviar para análise.
42,xgb,Prejuízo detectado. Enviar para análise.
43,xgb,Prejuízo detectado. Enviar para análise.
44,xgb,Lucro detectado. Deferir a compra.
45,xgb,Lucro detectado. Deferir a compra.
46,xgb,Lucro detectado. Deferir a compra.
47,xgb,Lucro detectado. Deferir a compra.
48,xgb,Lucro detectado. Deferir a compra.
49,xgb,Lucro detectado. Deferir a compra.
50,xgb,Prejuízo detectado. Enviar para análise.
51,xgb,Lucro detectado. Deferir a compra.
52,xgb,Prejuízo detectado. Enviar para análise.
53,xgb,Prejuízo detectado. Enviar para análise.
54,xgb,Prejuízo detectado. Enviar para análise.
55,xgb,Prejuízo detectado. Enviar para análise.
56,xgb,Prejuízo detectado. Enviar para análise.
57,xgb,Prejuízo detectado. Enviar para análise.
58,xgb,Lucro detectado. Deferir a compra.
59,xgb,Lucro detectado. Deferir a compra.
60,xgb,Lucro detectado. Deferir a compra.
61,xgb,Prejuízo detectado. Enviar para análise.
62,xgb,Prejuízo detectado. Enviar para análise.
63,xgb,Lucro detectado. Deferir a compra.
64,xgb,Lucro detectado. Deferir a compra.
65,xgb,Prejuízo detectado. Enviar para análise.
66,xgb,Lucro detectado. Deferir a compra.
67,xgb,Prejuízo detectado. Enviar para análise.
68,xgb,Lucro detectado. Deferir a compra.
69,xgb,Lucro detectado. Deferir a compra.
70,xgb,Lucro detectado. Deferir a compra.
71,xgb,Prejuízo detectado. Enviar para análise.
72,xgb,Lucro detectado. Deferir a compra.
73,xgb,Prejuízo detectado. Enviar para análise.
74,xgb,Prejuízo detectado. Enviar para análise.
75,xgb,Lucro detectado. Deferir a compra.
76,xgb,Prejuízo detectado. Enviar para análise.
77,xgb,Lucro detectado. Deferir a compra.
78,xgb,Lucro detectado. Deferir a compra.
79,xgb,Prejuízo detectado. Enviar para análise.
80,xgb,Prejuízo detectado. Enviar para análise.
81,xgb,Prejuízo detectado. Enviar para análise.
82,xgb,Lucro detectado. Deferir a compra.
83,xgb,Prejuízo detectado. Enviar para análise.
84,xgb,Lucro detectado. Deferir a compra.
85,xgb,Lucro detectado. Deferir a compra.
86,xgb,Prejuízo detectado. Enviar para análise.
87,xgb,Lucro detectado. Deferir a compra.
88,xgb,Prejuízo detectado. Enviar para análise.
89,xgb,Prejuízo detectado. Enviar para análise.
90,xgb,Prejuízo detectado. Enviar para análise.
91,xgb,Prejuízo detectado. Enviar para análise.
92,xgb,Lucro detectado. Deferir a compra.
93,xgb,Prejuízo detectado. Enviar para análise.
94,xgb,Lucro detectado. Deferir a compra.
95,xgb,Prejuízo detectado. Enviar para análise.
96,xgb,Prejuízo detectado. Enviar para análise.
97,xgb,Prejuízo detectado. Enviar para análise.
98,xgb,Lucro detectado. Deferir a compra.
99,xgb,Lucro detectado. Deferir a compra.
100,xgb,Lucro detectado. Deferir a compra.
101,xgb,Prejuízo detectado. Enviar para análise.
102,xgb,Lucro detectado. Deferir a compra.
103,xgb,Lucro detectado. Deferir a compra.
104,xgb,Prejuízo detectado. Enviar para análise.
105,xgb,Prejuízo detectado. Enviar para análise.
106,xgb,Prejuízo detectado. Enviar para análise.
107,xgb,Prejuízo detectado. Enviar para análise.
108,xgb,Lucro detectado. Deferir a compra.
109,xgb,Lucro detectado. Deferir a compra.
110,xgb,Lucro detectado. Deferir a compra.
111,xgb,Prejuízo detectado. Enviar para análise.
112,xgb,Prejuízo detectado. Enviar para análise.
113,xgb,Lucro detectado. Deferir a compra.
114,xgb,Lucro detectado. Deferir a compra.
115,xgb,Prejuízo detectado. Enviar para análise.
116,xgb,Lucro detectado. Deferir a compra.
117,xgb,Lucro detectado. Deferir a compra.
118,xgb,Prejuízo detectado. Enviar para análise.
119,xgb,Lucro detectado. Deferir a compra.
120,xgb,Lucro detectado. Deferir a compra.
121,xgb,Lucro detectado. Deferir a compra.
122,xgb,Prejuízo detectado. Enviar para análise.
123,xgb,Lucro detectado. Deferir a compra.
124,xgb,Lucro detectado. Deferir a compra.
125,xgb,Lucro detectado. Deferir a compra.
126,xgb,Prejuízo detectado. Enviar para análise.
127,xgb,Lucro detectado. Deferir a compra.
128,xgb,Lucro detectado. Deferir a compra.
129,xgb,Lucro detectado. Deferir a compra.
130,xgb,Prejuízo detectado. Enviar para análise.
131,xgb,Lucro detectado. Deferir a compra.
132,xgb,Lucro detectado. Deferir a compra.
133,xgb,Lucro detectado. Deferir a compra.
134,xgb,Lucro detectado. Deferir a compra.
135,xgb,Lucro detectado. Deferir a compra.
136,xgb,Lucro detectado. Deferir a compra.
137,xgb,Lucro detectado. Deferir a compra.
138,xgb,Prejuízo detectado. Enviar para análise.
139,xgb,Prejuízo detectado. Enviar para análise.
140,xgb,Prejuízo detectado. Enviar para análise.
141,xgb,Prejuízo detectado. Enviar para análise.
142,xgb,Lucro detectado. Deferir a compra.
143,xgb,Lucro detectado. Deferir a compra.
144,xgb,Prejuízo detectado. Enviar para análise.
145,xgb,Lucro detectado. Deferir a compra.
146,xgb,Prejuízo detectado. Enviar para análise.
147,xgb,Prejuízo detectado. Enviar para análise.
148,xgb,Lucro detectado. Deferir a compra.
149,xgb,Lucro detectado. Deferir a compra.
150,xgb,Prejuízo detectado. Enviar para análise.
151,xgb,Prejuízo detectado. Enviar para análise.
152,xgb,Lucro detectado. Deferir a compra.
153,xgb,Lucro detectado. Deferir a compra.
154,xgb,Prejuízo detectado. Enviar para análise.
155,xgb,Prejuízo detectado. Enviar para análise.
156,xgb,Prejuízo detectado. Enviar para análise.
157,xgb,Lucro detectado. Deferir a compra.
158,xgb,Prejuízo detectado. Enviar para análise.
159,xgb,Prejuízo detectado. Enviar para análise.
160,xgb,Lucro detectado. Deferir a compra.
161,xgb,Lucro detectado. Deferir a compra.
162,xgb,Lucro detectado. Deferir a compra.
163,xgb,Prejuízo detectado. Enviar para análise.
164,xgb,Lucro detectado. Deferir a compra.
165,xgb,Lucro detectado. Deferir a compra.
166,xgb,Prejuízo detectado. Enviar para análise.
167,xgb,Lucro detectado. Deferir a compra.
168,xgb,Prejuízo detectado. Enviar para análise.
169,xgb,Lucro detectado. Deferir a compra.
170,xgb,Lucro detectado. Deferir a compra.
171,xgb,Prejuízo detectado. Enviar para análise.
172,xgb,Prejuízo detectado. Enviar para análise.
173,xgb,Prejuízo detectado. Enviar para análise.
174,xgb,Prejuízo detectado. Enviar para análise.
175,xgb,Lucro detectado. Deferir a compra.
176,xgb,Lucro detectado. Deferir a compra.
177,xgb,Lucro detectado. Deferir a compra.
178,xgb,Lucro detectado. Deferir a compra.
179,xgb,Lucro detectado. Deferir a compra.
180,xgb,Prejuízo detectado. Enviar para análise.
181,xgb,Lucro detectado. Deferir a compra.
182,xgb,Prejuízo detectado. Enviar para análise.
183,xgb,Prejuízo detectado. Enviar para análise.
